{
  "experiment": "Qwen3-8B BF16 KV vs FP8 KV under Triton attention, long-prefill 8192/256",
  "setup": {
    "hardware": "single RTX 4090",
    "backend": "vLLM",
    "attention_backend": "TRITON_ATTN",
    "model": "Qwen3-8B",
    "dtype": "bfloat16 weights",
    "tp": 1,
    "dp": 1,
    "prompt_output_tokens": "8192/256",
    "num_prompts": 128,
    "arrival": "burst, request_rate=inf"
  },
  "bf16_source": "results/tables/Qwen3-8B/baseline_a_dp1_long_context_triton_attn",
  "fp8_source": "results/tables/Qwen3-8B/kv_fp8_dp1_long_context_triton_attn",
  "bf16_rows": [
    {
      "concurrency": 1,
      "completed": 128,
      "failed": 0,
      "request_throughput": 0.1747752195860807,
      "output_throughput": 44.74245621403666,
      "total_token_throughput": 1476.5010550632098,
      "mean_ttft_ms": 1146.6703828907612,
      "p99_ttft_ms": 1198.9801619999344,
      "mean_tpot_ms": 17.93909359935465,
      "p99_tpot_ms": 17.972236826236923,
      "mean_itl_ms": 17.941293186967744,
      "p99_itl_ms": 22.805418253847165,
      "p99_e2el_ms": 5768.768665051175,
      "max_kv_usage_pct": 20.861319636507314,
      "num_gpu_blocks": 2532,
      "est_max_blocks": 528.2086131963651,
      "max_running": 1.0,
      "max_waiting": 0.0
    },
    {
      "concurrency": 2,
      "completed": 128,
      "failed": 0,
      "request_throughput": 0.2778832327742847,
      "output_throughput": 71.13810759021689,
      "total_token_throughput": 2347.5575504771577,
      "mean_ttft_ms": 1646.1772521093962,
      "p99_ttft_ms": 2182.62058783017,
      "mean_tpot_ms": 21.764554096109222,
      "p99_tpot_ms": 23.7903162295469,
      "mean_itl_ms": 21.764555808305225,
      "p99_itl_ms": 39.09682405297648,
      "p99_e2el_ms": 7404.120812254259,
      "max_kv_usage_pct": 41.722639273014615,
      "num_gpu_blocks": 2532,
      "est_max_blocks": 1056.41722639273,
      "max_running": 2.0,
      "max_waiting": 1.0
    },
    {
      "concurrency": 4,
      "completed": 128,
      "failed": 0,
      "request_throughput": 0.4036515341324433,
      "output_throughput": 103.33479273790549,
      "total_token_throughput": 3410.048160350881,
      "mean_ttft_ms": 2285.9490914214575,
      "p99_ttft_ms": 3506.049495300833,
      "mean_tpot_ms": 29.88030364200206,
      "p99_tpot_ms": 33.422323317021615,
      "mean_itl_ms": 29.88030474359497,
      "p99_itl_ms": 287.38125859148573,
      "p99_e2el_ms": 10931.000690025541,
      "max_kv_usage_pct": 83.44527854602923,
      "num_gpu_blocks": 2532,
      "est_max_blocks": 2112.83445278546,
      "max_running": 4.0,
      "max_waiting": 3.0
    },
    {
      "concurrency": 8,
      "completed": 128,
      "failed": 0,
      "request_throughput": 0.40661561034703847,
      "output_throughput": 104.09359624884185,
      "total_token_throughput": 3435.0886762117807,
      "mean_ttft_ms": 11011.053222742248,
      "p99_ttft_ms": 13395.53801758259,
      "mean_tpot_ms": 32.9057413987415,
      "p99_tpot_ms": 34.143580626443544,
      "mean_itl_ms": 32.90574260710507,
      "p99_itl_ms": 292.3080919463247,
      "p99_e2el_ms": 21647.052107412896,
      "max_kv_usage_pct": 83.4057684709601,
      "num_gpu_blocks": 2532,
      "est_max_blocks": 2111.8340576847095,
      "max_running": 4.0,
      "max_waiting": 7.0
    }
  ],
  "fp8_rows": [
    {
      "concurrency": 1,
      "completed": 128,
      "failed": 0,
      "request_throughput": 0.1808876913720611,
      "output_throughput": 46.30724899124764,
      "total_token_throughput": 1528.1392167111721,
      "mean_ttft_ms": 1103.6596790072508,
      "p99_ttft_ms": 1133.011012240604,
      "mean_tpot_ms": 17.349333893047977,
      "p99_tpot_ms": 17.486602606381943,
      "mean_itl_ms": 17.35146138185645,
      "p99_itl_ms": 22.273759760719273,
      "p99_e2el_ms": 5549.242519467953,
      "max_kv_usage_pct": 10.428599644479553,
      "num_gpu_blocks": 5064,
      "est_max_blocks": 528.1042859964446,
      "max_running": 1.0,
      "max_waiting": 0.0
    },
    {
      "concurrency": 2,
      "completed": 128,
      "failed": 0,
      "request_throughput": 0.29545038577295624,
      "output_throughput": 75.6352987578768,
      "total_token_throughput": 2495.964859009934,
      "mean_ttft_ms": 1571.337087428219,
      "p99_ttft_ms": 2070.407182886265,
      "mean_tpot_ms": 20.380244656098515,
      "p99_tpot_ms": 22.273861207943362,
      "mean_itl_ms": 20.388990755351777,
      "p99_itl_ms": 35.68458348308923,
      "p99_e2el_ms": 6938.744770287303,
      "max_kv_usage_pct": 20.857199288959116,
      "num_gpu_blocks": 5064,
      "est_max_blocks": 1056.2085719928896,
      "max_running": 2.0,
      "max_waiting": 1.0
    },
    {
      "concurrency": 4,
      "completed": 128,
      "failed": 0,
      "request_throughput": 0.44138245949449606,
      "output_throughput": 112.99390963059099,
      "total_token_throughput": 3728.7990178095024,
      "mean_ttft_ms": 2186.4287243738545,
      "p99_ttft_ms": 3234.2442573764138,
      "mean_tpot_ms": 26.94928464408768,
      "p99_tpot_ms": 30.372562994737653,
      "mean_itl_ms": 26.949285540384903,
      "p99_itl_ms": 263.7218885720358,
      "p99_e2el_ms": 9966.606419785534,
      "max_kv_usage_pct": 41.71439857791823,
      "num_gpu_blocks": 5064,
      "est_max_blocks": 2112.417143985779,
      "max_running": 4.0,
      "max_waiting": 2.0
    },
    {
      "concurrency": 8,
      "completed": 128,
      "failed": 0,
      "request_throughput": 0.5945264039669227,
      "output_throughput": 152.1987594155322,
      "total_token_throughput": 5022.559060712563,
      "mean_ttft_ms": 2441.279488476539,
      "p99_ttft_ms": 7142.521838202378,
      "mean_tpot_ms": 43.12611338648679,
      "p99_tpot_ms": 47.495309070026615,
      "mean_itl_ms": 43.126114358547596,
      "p99_itl_ms": 295.65005353913875,
      "p99_e2el_ms": 17971.111066764573,
      "max_kv_usage_pct": 83.34979261307525,
      "num_gpu_blocks": 5064,
      "est_max_blocks": 4220.833497926131,
      "max_running": 8.0,
      "max_waiting": 7.0
    }
  ],
  "comparisons": [
    {
      "concurrency": 1,
      "bf16": {
        "concurrency": 1,
        "completed": 128,
        "failed": 0,
        "request_throughput": 0.1747752195860807,
        "output_throughput": 44.74245621403666,
        "total_token_throughput": 1476.5010550632098,
        "mean_ttft_ms": 1146.6703828907612,
        "p99_ttft_ms": 1198.9801619999344,
        "mean_tpot_ms": 17.93909359935465,
        "p99_tpot_ms": 17.972236826236923,
        "mean_itl_ms": 17.941293186967744,
        "p99_itl_ms": 22.805418253847165,
        "p99_e2el_ms": 5768.768665051175,
        "max_kv_usage_pct": 20.861319636507314,
        "num_gpu_blocks": 2532,
        "est_max_blocks": 528.2086131963651,
        "max_running": 1.0,
        "max_waiting": 0.0
      },
      "fp8_kv": {
        "concurrency": 1,
        "completed": 128,
        "failed": 0,
        "request_throughput": 0.1808876913720611,
        "output_throughput": 46.30724899124764,
        "total_token_throughput": 1528.1392167111721,
        "mean_ttft_ms": 1103.6596790072508,
        "p99_ttft_ms": 1133.011012240604,
        "mean_tpot_ms": 17.349333893047977,
        "p99_tpot_ms": 17.486602606381943,
        "mean_itl_ms": 17.35146138185645,
        "p99_itl_ms": 22.273759760719273,
        "p99_e2el_ms": 5549.242519467953,
        "max_kv_usage_pct": 10.428599644479553,
        "num_gpu_blocks": 5064,
        "est_max_blocks": 528.1042859964446,
        "max_running": 1.0,
        "max_waiting": 0.0
      },
      "delta_pct": {
        "output_throughput": 3.497333203446429,
        "request_throughput": 3.497333203446429,
        "p99_ttft_ms": -5.5021051932412135,
        "p99_itl_ms": -2.331281484119263,
        "p99_e2el_ms": -3.805424663900525,
        "max_kv_usage_pct": -50.009875567845185
      }
    },
    {
      "concurrency": 2,
      "bf16": {
        "concurrency": 2,
        "completed": 128,
        "failed": 0,