{
  "experiment": "Qwen3-8B BF16 KV vs FP8 KV under Triton attention, decode-heavy 256/8192",
  "setup": {
    "hardware": "single RTX 4090",
    "backend": "vLLM",
    "attention_backend": "TRITON_ATTN",
    "model": "Qwen3-8B",
    "dtype": "bfloat16 weights",
    "tp": 1,
    "dp": 1,
    "prompt_output_tokens": "256/8192",
    "num_prompts_fp8": 32,
    "arrival": "burst, request_rate=inf"
  },
  "bf16_source": "benchmark/projects/qwen3_8b_dense/data/triton_attn_prefill_vs_decode_heavy.json",
  "fp8_source": "results/tables/Qwen3-8B/kv_fp8_dp1_short_prompt_long_output_triton_attn",
  "fp8_rows": [
    {
      "concurrency": 1,
      "completed": 32,
      "failed": 0,
      "request_throughput": 0.007145388300518873,
      "output_throughput": 58.535020957850605,
      "total_token_throughput": 60.364240362783434,
      "mean_ttft_ms": 56.3939392204702,
      "p99_ttft_ms": 71.48118212149713,
      "mean_tpot_ms": 17.07891548262951,
      "p99_tpot_ms": 17.086619467951934,
      "mean_itl_ms": 17.07930651037778,
      "p99_itl_ms": 21.532279343227856,
      "p99_e2el_ms": 140012.54045824608,
      "max_kv_usage_pct": 10.428599644479553,
      "num_gpu_blocks": 5064,
      "est_max_blocks": 528.1042859964446,
      "max_running": 1.0,
      "max_waiting": 0.0
    },
    {
      "concurrency": 2,
      "completed": 32,
      "failed": 0,
      "request_throughput": 0.013540058264916468,
      "output_throughput": 110.9201573061957,
      "total_token_throughput": 114.38641222201431,
      "mean_ttft_ms": 87.3504296541796,
      "p99_ttft_ms": 120.22708153526764,
      "mean_tpot_ms": 18.022397766500795,
      "p99_tpot_ms": 18.028581034842347,
      "mean_itl_ms": 18.022535320861177,
      "p99_itl_ms": 22.63015572563745,
      "p99_e2el_ms": 147760.12150580995,
      "max_kv_usage_pct": 20.857199288959116,
      "num_gpu_blocks": 5064,
      "est_max_blocks": 1056.2085719928896,
      "max_running": 2.0,
      "max_waiting": 0.0
    },
    {
      "concurrency": 4,
      "completed": 32,
      "failed": 0,
      "request_throughput": 0.025815848844267596,
      "output_throughput": 211.48343373224014,
      "total_token_throughput": 218.09229103637264,
      "mean_ttft_ms": 121.21370919339824,
      "p99_ttft_ms": 164.56922623794526,
      "mean_tpot_ms": 18.901364596828902,
      "p99_tpot_ms": 18.912560112155756,
      "mean_itl_ms": 18.901364636918842,
      "p99_itl_ms": 23.85407379188109,
      "p99_e2el_ms": 155014.15602872177,
      "max_kv_usage_pct": 41.71439857791823,
      "num_gpu_blocks": 5064,
      "est_max_blocks": 2112.417143985779,
      "max_running": 4.0,
      "max_waiting": 0.0
    },
    {
      "concurrency": 8,
      "completed": 32,
      "failed": 0,
      "request_throughput": 0.04805869340431376,
      "output_throughput": 393.69681636813834,
      "total_token_throughput": 405.9998418796427,
      "mean_ttft_ms": 227.27450646834768,
      "p99_ttft_ms": 279.47650349582545,
      "mean_tpot_ms": 20.294378069012396,
      "p99_tpot_ms": 20.309028407287936,
      "mean_itl_ms": 20.296856039167057,
      "p99_itl_ms": 26.07187267451081,
      "p99_e2el_ms": 166494.7472576992,
      "max_kv_usage_pct": 83.42879715583646,
      "num_gpu_blocks": 5064,
      "est_max_blocks": 4224.834287971558,
      "max_running": 8.0,
      "max_waiting": 0.0
    }
  ],
  "comparisons": [
    {
      "concurrency": 1,
      "bf16": {
        "concurrency": 1,
        "request_throughput": 0.0070285687194846305,
        "output_throughput": 57.57803495001809,
        "total_token_throughput": 59.37734854220616,
        "mean_ttft_ms": 52.925253438843356,
        "p99_ttft_ms": 70.974802634737,
        "mean_tpot_ms": 17.36333590466662,
        "p99_tpot_ms": 17.36907616948964,
        "mean_itl_ms": 17.36379968003661,
        "p99_itl_ms": 21.751920469105237,
        "p99_e2el_ms": 142325.04461542136,
        "max_kv_usage_pct": 20.821809561438165,
        "num_gpu_blocks": 2532,
        "est_max_blocks": 527.2082180956144,
        "max_running": 1.0,
        "max_waiting": 0.0
      },
      "fp8_kv": {
        "concurrency": 1,
        "completed": 32,
        "failed": 0,
        "request_throughput": 0.007145388300518873,
        "output_throughput": 58.535020957850605,
        "total_token_throughput": 60.364240362783434,
        "mean_ttft_ms": 56.3939392204702,
        "p99_ttft_ms": 71.48118212149713,
        "mean_tpot_ms": 17.07891548262951,
        "p99_tpot_ms": 17.086619467951934,
        "mean_itl_ms": 17.07930651037778,
        "p99_itl_ms": 21.532279343227856,
        "p99_e2el_ms": 140012.54045824608,
        "max_kv_usage_pct": 10.428599644479553,
        "num_gpu_blocks": 5064,
        "est_max_blocks": 528.1042859964446,
        "max_running": 1.0,
        "max_waiting": 0.0
      },
      "delta_pct": {
        "output_throughput": 1.662067850462856,
        "p99_ttft_ms": 0.7134637476431616,
        "p99_itl_ms": -1.009755098127274,
        "max_kv_usage_pct": -49.91501764672154
      }
    },
    {
      "concurrency": 2,
      "bf16": {
        "concurrency": 2,
        "request_throughput": 0.013065252401778766,
        "output_throughput": 107.03054767537165,
        "total_token_throughput": 110.37525229022702,
        "mean_ttft_ms": 90.69233262289345,
        "p99_ttft_ms": 115.34099085009075,
        "mean_tpot_ms": 18.67734105573573,
        "p99_tpot_ms": 18.688373760727302,
        "mean_itl_ms": 18.677341085860203,
        "p99_itl_ms": 23.32516198832308,
        "p99_e2el_ms": 153149.5489637264,
        "max_kv_usage_pct": 41.722639273014615,
        "num_gpu_blocks": 2532,
        "est_max_blocks": 1056.41722639273,
        "max_running": 2.0,
        "max_waiting": 0.0
      },
      "fp8_kv": {
        "concurrency": 2,
        "completed": 32,
        "failed": 0,
        "request_throughput": 0.013540058264916468,
        "output_throughput": 110.9201573061957,
        "total_token_throughput": 114.38641222201431,
        "mean_ttft_ms": 87.3504296541796,
        "p99_ttft_ms": 120.22708153526764,
        "mean_tpot_ms": 18.022397766500795,
        "p99_tpot_ms": 18.028581034842347,
        "mean_itl_ms": 18.022535320861177,
        "p99_itl_ms": 22.63015572563745,
        "p99_e2el_ms": 147760.12150580995,
        "max_kv_usage_pct": 20.857199288959116,
        "num_gpu_blocks": 5064,
        "est_max_blocks": 1056.2085719928896,
        "max_running": 2.0,
        "max_waiting": 0.0
      },
      "delta_pct": {
        "output_throughput": 3.6341116768096926,
        "p99_ttft_ms": 4.236213551804302,
        "p99_itl_ms": -2.9796417406814157,
        "max_kv_usage_pct": -50.00987556784515
      }
    },
    {
      "concurrency": 4,
      "bf16": {
        "concurrency": 4,
        "request_throughput": 0.024233921366516135,
        "output_throughput": 198.52428383450018,
        "total_token_throughput": 204.7281677043283,
        "mean_ttft_ms": 127.96380962754483,
        "p99_ttft_ms": 175.42865708644968,
        "mean_tpot_ms": 20.135355451741678,
        "p99_tpot_ms": 20.140901730040177,
        "mean_itl_ms": 20.135355476021775,
        "p99_itl_ms": 25.715861774806395,
        "p99_e2el_ms": 165079.69263157283,
        "max_kv_usage_pct": 83.44527854602923,
        "num_gpu_blocks": 2532,
        "est_max_blocks": 2112.83445278546,
        "max_running": 4.0,
        "max_waiting": 0.0
      },
      "fp8_kv": {
        "concurrency": 4,
        "completed": 32,
        "failed": 0,
        "request_throughput": 0.025815848844267596,
        "output_throughput": 211.48343373224014,
        "total_token_throughput": 218.09229103637264,
        "mean_ttft_ms": 121.21370919339824,
        "p99_ttft_ms": 164.56922623794526,
        "mean_tpot_ms": 18.901364596828902,
        "p99_tpot_ms": 18.912560112155756,
        "mean_itl_ms": 18.901364636918842,
        "p99_itl_ms": 23.85407379188109,
        "p99_e2el_ms": 155014.15602872177,
        "max_kv_usage_pct": 41.71439857791823,